{
  "final_value": 5618925882.210507,
  "final_value_usd": 814744252.9205235,
  "initial_value_usd": 800000000.0000001,
  "final_cash_usd": 800000000.0000001,
  "total_return": 0.018430316150654314,
  "sharpe_ratio": -29.528421347208287,
  "volatility": 4.609083195973434e-15,
  "max_drawdown": 0.0,
  "wind_capacity_mw": 0.0,
  "solar_capacity_mw": 0.0,
  "hydro_capacity_mw": 0.0,
  "final_cash": 5517241379.310346,
  "battery_final_soc": 0.5,
  "wind_allocation": 0.0,
  "solar_allocation": 0.0,
  "hydro_allocation": 0.0,
  "cash_allocation": 0.9819032133486412,
  "battery_charge_count": 0,
  "battery_discharge_count": 0,
  "battery_idle_count": 8000,
  "total_investment_decisions": 0
}