{
  "total_return": 0.005169804278794352,
  "annual_return": 0.010452691730595154,
  "sharpe_ratio": -143.76846645188186,
  "max_drawdown": 1.6301831923917655e-05,
  "volatility": 6.640752666441117e-05,
  "final_value_usd": 804136119.133233,
  "initial_value_usd": 800000000.0,
  "final_value_dkk": 5545766338.849883,
  "initial_value_dkk": 5517241379.310346,
  "wind_capacity_mw": 320.0002996680612,
  "solar_capacity_mw": 0.0,
  "hydro_capacity_mw": 0.0,
  "final_cash_usd": 164135519.79711068,
  "final_cash_dkk": 1131969102.0490391,
  "rule_triggers": {
    "wind_investment": 8,
    "solar_investment": 0,
    "hydro_investment": 0,
    "battery_charge": 3145,
    "battery_discharge": 2685,
    "risk_reduction": 26056
  },
  "battery_charge_count": 3145,
  "battery_discharge_count": 2685,
  "battery_idle_count": 20234,
  "total_investment_decisions": 8,
  "total_operational_revenue_usd": 1681406.8803030308,
  "total_battery_revenue_usd": 846611.2311986978,
  "total_cash_return_usd": 1608101.0217332162
}