{"solar_capacity":3200.4811240129943,"cumulative_reward":836430.3843806443,"battery_capacity":5178.70202007664,"wind_capacity":3256.6469622578115,"risk_penalty":0.607895677,"hydro_capacity":1759.5728776200538,"_runtime":66.0778538,"battery_energy":0,"revenue":8.182416541666666e+06,"reward":81.82251903699549,"_wandb":{"runtime":69},"net_profit":8.182252207647388e+06,"_timestamp":1.7476064212116153e+09,"step":10239,"_step":10250}