{"cumulative_reward":833832.4570517929,"wind_capacity":2375.9453417601126,"hydro_capacity":2151.1670815822645,"net_profit":7.812229979828473e+06,"_timestamp":1.7476073726109598e+09,"_wandb":{"runtime":60},"_runtime":57.6573354,"step":10239,"reward":78.12229675880634,"solar_capacity":2767.321339523838,"_step":10250,"battery_energy":7071.992734530124,"battery_capacity":7071.992734530124,"risk_penalty":0.607895677,"revenue":7.812375868503731e+06}