{
  "total_return": 0.009967150766039639,
  "annual_return": 0.02021531159443235,
  "sharpe_ratio": 0.0,
  "max_drawdown": 0.0,
  "volatility": 4.27628851830216e-17,
  "final_value_usd": 807973720.6128317,
  "initial_value_usd": 800000000.0,
  "final_value_dkk": 5572232555.950564,
  "initial_value_dkk": 5517241379.310346,
  "final_cash_usd": 807973720.6128317,
  "final_cash_dkk": 5572232555.950564,
  "wind_capacity_mw": 0.0,
  "solar_capacity_mw": 0.0,
  "hydro_capacity_mw": 0.0,
  "risk_free_rate_annual": 0.02,
  "total_risk_free_return_usd": 7973720.612831712,
  "compound_periods": 26064,
  "timesteps": 26064,
  "days_elapsed": 181.0,
  "years_elapsed": 0.49555099247091033,
  "method": "Buy-and-Hold Strategy",
  "strategy_type": "Risk-Free Rate Baseline",
  "active_decisions": 0,
  "market_exposure": 0.0
}