{
  "total_return": 5.783993707554448e+52,
  "annual_return": 9.881998899519877e+265,
  "annual_volatility": 30.46823193911611,
  "sharpe_ratio": 3.243377862971118e+264,
  "max_drawdown": 0.9976035424233292,
  "volatility": 30.46823193911611,
  "final_value_usd": 4.6271949660435584e+61,
  "initial_value_usd": 800000000.0,
  "final_portfolio_value": 4.6271949660435584e+61,
  "initial_portfolio_value": 800000000.0,
  "method": "Traditional Portfolio - equal_weight",
  "status": "completed"
}