{
  "total_return": -0.9347681067036241,
  "annual_return": -0.9947537851636553,
  "annual_volatility": 0.7135897137308642,
  "sharpe_ratio": -1.4220409370264704,
  "max_drawdown": 0.9595944441898243,
  "volatility": 0.7135897137308642,
  "final_value_usd": 52185514.63710073,
  "initial_value_usd": 800000000.0,
  "final_portfolio_value": 52185514.63710073,
  "initial_portfolio_value": 800000000.0,
  "method": "Traditional Portfolio - equal_weight",
  "status": "completed"
}