{"net_profit":8.744230397020875e+06,"reward":87.44230093073037,"battery_capacity":7452.677818748472,"hydro_capacity":2248.9116459637225,"battery_energy":584.853322596543,"_wandb":{"runtime":60},"risk_penalty":0.607895677,"solar_capacity":2192.335557408639,"_timestamp":1.7476076583134282e+09,"_runtime":57.1597369,"step":10239,"_step":10250,"revenue":8.744370549292438e+06,"wind_capacity":2566.3663747838823,"cumulative_reward":835471.9711185469}