{"risk_penalty":0.607895677,"_step":10,"cumulative_reward":298.44439166615007,"reward":34.04237840398747,"net_profit":3.4042381443465855e+06,"battery_energy":0,"solar_capacity":1425.0801195885547,"wind_capacity":2021.4273139135746,"hydro_capacity":1314.6085705256435,"_runtime":6.5149341,"revenue":3.404333366666666e+06,"battery_capacity":4435.484385688917,"step":9,"_wandb":{"runtime":11},"_timestamp":1.7476079009537075e+09}