{"forecast_price_forecast":3.315805196762085,"forecast_load_forecast":5.247469425201416,"forecast_wind_forecast":8.304848670959473,"_timestamp":1.7494947091328995e+09,"_step":511,"_wandb":{"runtime":553},"forecast_solar_forecast":-0.00010084733366966248,"action_investor_0_0":1,"timestep":128,"action_investor_0_1":0.0035150647163391113,"forecast_hydro_forecast":5.15483283996582,"action_investor_0_2":-0.313266396522522,"_runtime":553.2582198,"action_risk_controller_0_0":1.315603256225586,"action_battery_operator_0_0":0.2865607738494873}