{"battery_capacity":4915.71490917135,"_timestamp":1.747608026138643e+09,"_runtime":6.7056909000000005,"step":9,"reward":33.32824088665675,"solar_capacity":1850.3826137022734,"risk_penalty":0.607895677,"_step":10,"battery_energy":4915.71490917135,"wind_capacity":1720.3114309815787,"cumulative_reward":296.4157706050898,"hydro_capacity":1121.9267981591972,"_wandb":{"runtime":10},"revenue":3.33291824503037e+06,"net_profit":3.3328243926135134e+06}