{"hydro_capacity":1750.5001995796556,"revenue":8.359423400719614e+06,"wind_capacity":3838.3824776359847,"solar_capacity":2248.1001180683747,"_wandb":{"runtime":60},"step":10239,"battery_capacity":5656.343282245103,"reward":83.5926635711587,"_runtime":57.0566557,"cumulative_reward":835066.4393507544,"net_profit":8.359266661063708e+06,"_timestamp":1.7476069997562706e+09,"_step":10250,"battery_energy":0,"risk_penalty":0.607895677}