{"forecast_price_forecast":3.315805196762085,"action_risk_controller_0_0":2,"_wandb":{"runtime":1690},"_timestamp":1.7494848958354282e+09,"_step":1023,"timestep":128,"action_investor_0_1":0.3636656403541565,"action_battery_operator_0_0":0.7653100490570068,"action_investor_0_0":0.2812696099281311,"forecast_wind_forecast":8.304848670959473,"forecast_hydro_forecast":5.15483283996582,"_runtime":1689.8481705,"action_investor_0_2":-0.08842629194259644,"forecast_load_forecast":5.247469425201416,"forecast_solar_forecast":-0.00010084733366966248}