{
  "total_return": 1.049498862235037,
  "annual_return": 3.2633925006931275,
  "annual_volatility": 0.07724613546924498,
  "sharpe_ratio": 41.9877639313338,
  "max_drawdown": 0.013131938280862865,
  "volatility": 0.07724613546924498,
  "final_value_usd": 1639599089.7880297,
  "initial_value_usd": 800000000.0,
  "final_portfolio_value": 1639599089.7880297,
  "initial_portfolio_value": 800000000.0,
  "method": "Traditional Portfolio - equal_weight",
  "status": "completed"
}