{"reward":81.82260325664987,"revenue":8.182416541666666e+06,"cumulative_reward":836322.8919627931,"risk_penalty":0.607895677,"_timestamp":1.7476005772770987e+09,"step":10239,"battery_capacity":6042.715967560208,"hydro_capacity":2281.6129479141423,"battery_energy":0,"solar_capacity":3345.05838990314,"_step":10250,"net_profit":8.182260629612826e+06,"wind_capacity":2168.9313541732377,"_runtime":46.8869378,"_wandb":{"runtime":49}}