{
  "total_return": -0.2624647131218619,
  "annual_return": -0.45858298374134854,
  "annual_volatility": 0.026951800197853565,
  "sharpe_ratio": -17.75699508866554,
  "max_drawdown": 0.27364162580772833,
  "volatility": 0.026951800197853565,
  "final_value_usd": 590028235.0601691,
  "initial_value_usd": 800000000.0,
  "final_portfolio_value": 590028235.0601691,
  "initial_portfolio_value": 800000000.0,
  "method": "Traditional Portfolio - equal_weight",
  "status": "completed"
}