{"solar_capacity":3145.149633480898,"battery_capacity":6107.218701363136,"step":10239,"battery_energy":5828.392829430133,"reward":82.0507560164487,"net_profit":8.20507590559271e+06,"hydro_capacity":2098.127199469727,"_runtime":57.8694547,"revenue":8.205231235934159e+06,"wind_capacity":2523.2402395187783,"_wandb":{"runtime":62},"_timestamp":1.7475992837658668e+09,"_step":10250,"risk_penalty":0.607895677}